{"cameraMode":{"drawMode":0,"name":"Shaded","section":"Shading Mode"},"sceneLighting":true,"audioPlay":false,"sceneViewState":{"m_AlwaysRefresh":false,"showFog":true,"showSkybox":true,"showFlares":true,"showImageEffects":true,"showParticleSystems":true,"showVisualEffectGraphs":true,"m_FxEnabled":true},"in2DMode":false,"pivot":{"x":192.0704345703125,"y":184.25189208984376,"z":-172.85369873046876},"rotation":{"x":0.12900248169898988,"y":0.45162680745124819,"z":-0.06617950648069382,"w":0.8803501129150391},"size":318.26361083984377,"orthographic":false}