{"cameraMode":{"drawMode":0,"name":"Shaded","section":"Shading Mode"},"sceneLighting":true,"audioPlay":false,"sceneViewState":{"m_AlwaysRefresh":false,"showFog":true,"showSkybox":true,"showFlares":true,"showImageEffects":true,"showParticleSystems":true,"showVisualEffectGraphs":true,"m_FxEnabled":true},"in2DMode":false,"pivot":{"x":0.3888145089149475,"y":1.3892192840576172,"z":3.067572832107544},"rotation":{"x":0.02424435503780842,"y":0.07640742510557175,"z":-0.0017736421432346106,"w":0.9968330264091492},"size":2.2444498538970949,"orthographic":false}