{"cameraMode":{"drawMode":0,"name":"Shaded","section":"Shading Mode"},"sceneLighting":false,"audioPlay":false,"sceneViewState":{"m_AlwaysRefresh":false,"showFog":true,"showSkybox":false,"showFlares":true,"showImageEffects":true,"showParticleSystems":true,"showVisualEffectGraphs":true,"m_FxEnabled":true},"in2DMode":false,"pivot":{"x":0.04983246326446533,"y":1.2089033126831055,"z":-0.5578542947769165},"rotation":{"x":0.17586229741573335,"y":0.5180041790008545,"z":-0.1097555086016655,"w":0.8299132585525513},"size":0.08660251647233963,"orthographic":false}